metric,value
total_programs,500
total_proposals,10628
passed_verification,10628
accepted,10517
rejected_no_cost_gain,111
invalid_failed_verification,0
verification_pass_rate_pct,100.0
acceptance_rate_pct,98.96
avg_cost_reduction_pct,82.49
median_cost_reduction_pct,81.22
min_cost_reduction_pct,50.0
max_cost_reduction_pct,99.17
programs_with_reduction_over_30pct,500
steps_to_convergence_mean,22.24
steps_to_convergence_median,20.0
steps_to_convergence_min,6
steps_to_convergence_max,50
steps_to_convergence_stdev,9.89
steps_distribution.1-10,40
steps_distribution.11-20,216
steps_distribution.21-30,140
steps_distribution.31-40,73
steps_distribution.41-50,31
programs_hitting_iteration_cap,8
llm_used,False
llm_proposals,0
llm_valid,0
llm_validity_rate_pct,
false_positive_count,0
false_positive_rate_pct,0.0
per_category.arithmetic.programs,60
per_category.arithmetic.avg_reduction_pct,96.03
per_category.arithmetic.avg_iterations,15.93
per_category.arithmetic.accepted,896
per_category.nested.programs,60
per_category.nested.avg_reduction_pct,98.1
per_category.nested.avg_iterations,37.3
per_category.nested.accepted,2164
per_category.repeated_expr.programs,60
per_category.repeated_expr.avg_reduction_pct,80.71
per_category.repeated_expr.avg_iterations,16.78
per_category.repeated_expr.accepted,943
per_category.dead_code.programs,60
per_category.dead_code.avg_reduction_pct,97.44
per_category.dead_code.avg_iterations,17.22
per_category.dead_code.accepted,973
per_category.loops.programs,80
per_category.loops.avg_reduction_pct,65.05
per_category.loops.avg_iterations,17.88
per_category.loops.accepted,1312
per_category.conditionals.programs,80
per_category.conditionals.avg_reduction_pct,73.91
per_category.conditionals.avg_iterations,18.89
per_category.conditionals.accepted,1406
per_category.mixed.programs,100
per_category.mixed.avg_reduction_pct,77.91
per_category.mixed.avg_iterations,29.45
per_category.mixed.accepted,2823
by_optimization_type.CONSTANT_FOLD.accepted,1855
by_optimization_type.CONSTANT_FOLD.rejected,0
by_optimization_type.CONSTANT_FOLD.invalid,0
by_optimization_type.ALGEBRAIC_SIMPLIFY.accepted,179
by_optimization_type.ALGEBRAIC_SIMPLIFY.rejected,0
by_optimization_type.ALGEBRAIC_SIMPLIFY.invalid,0
by_optimization_type.DEAD_CODE.accepted,1795
by_optimization_type.DEAD_CODE.rejected,0
by_optimization_type.DEAD_CODE.invalid,0
by_optimization_type.CSE.accepted,147
by_optimization_type.CSE.rejected,0
by_optimization_type.CSE.invalid,0
by_optimization_type.STRENGTH_REDUCTION.accepted,88
by_optimization_type.STRENGTH_REDUCTION.rejected,97
by_optimization_type.STRENGTH_REDUCTION.invalid,0
by_optimization_type.COPY_PROPAGATION.accepted,6453
by_optimization_type.COPY_PROPAGATION.rejected,14
by_optimization_type.COPY_PROPAGATION.invalid,0
