program_name,category,original_cost,final_cost,reduction_pct,iterations,accepted,rejected,invalid,output_match
arithmetic_001.src,arithmetic,60.0,2.0,96.67,25,24,0,0,True
arithmetic_002.src,arithmetic,57.0,2.0,96.49,23,22,0,0,True
arithmetic_003.src,arithmetic,32.5,2.0,93.85,14,13,0,0,True
arithmetic_004.src,arithmetic,25.0,1.0,96.00,10,9,0,0,True
arithmetic_005.src,arithmetic,34.0,1.0,97.06,14,13,0,0,True
arithmetic_006.src,arithmetic,37.0,1.0,97.30,14,13,0,0,True
arithmetic_007.src,arithmetic,41.5,2.0,95.18,17,16,0,0,True
arithmetic_008.src,arithmetic,49.5,1.0,97.98,21,20,0,0,True
arithmetic_009.src,arithmetic,36.0,2.0,94.44,16,15,0,0,True
arithmetic_010.src,arithmetic,49.5,1.0,97.98,18,17,0,0,True
arithmetic_011.src,arithmetic,29.5,2.0,93.22,13,12,0,0,True
arithmetic_012.src,arithmetic,43.0,1.0,97.67,17,16,0,0,True
arithmetic_013.src,arithmetic,46.0,1.0,97.83,18,17,0,0,True
arithmetic_014.src,arithmetic,32.5,2.0,93.85,14,13,0,0,True
arithmetic_015.src,arithmetic,45.0,2.0,95.56,18,17,0,0,True
arithmetic_016.src,arithmetic,38.5,2.0,94.81,16,15,0,0,True
arithmetic_017.src,arithmetic,22.0,1.0,95.45,10,9,0,0,True
arithmetic_018.src,arithmetic,50.5,2.0,96.04,20,19,0,0,True
arithmetic_019.src,arithmetic,32.5,2.0,93.85,14,13,0,0,True
arithmetic_020.src,arithmetic,49.5,1.0,97.98,21,20,0,0,True
arithmetic_021.src,arithmetic,40.5,1.0,97.53,17,16,0,0,True
arithmetic_022.src,arithmetic,43.0,1.0,97.67,16,15,0,0,True
arithmetic_023.src,arithmetic,53.5,2.0,96.26,21,20,0,0,True
arithmetic_024.src,arithmetic,22.0,1.0,95.45,10,9,0,0,True
arithmetic_025.src,arithmetic,22.0,1.0,95.45,10,9,0,0,True
arithmetic_026.src,arithmetic,45.0,2.0,95.56,20,19,0,0,True
arithmetic_027.src,arithmetic,52.5,1.0,98.10,19,18,0,0,True
arithmetic_028.src,arithmetic,25.0,1.0,96.00,10,9,0,0,True
arithmetic_029.src,arithmetic,34.0,1.0,97.06,14,13,0,0,True
arithmetic_030.src,arithmetic,34.0,1.0,97.06,14,13,0,0,True
arithmetic_031.src,arithmetic,60.0,2.0,96.67,23,22,0,0,True
arithmetic_032.src,arithmetic,52.5,1.0,98.10,21,20,0,0,True
arithmetic_033.src,arithmetic,25.0,1.0,96.00,10,9,0,0,True
arithmetic_034.src,arithmetic,56.5,2.0,96.46,22,21,0,0,True
arithmetic_035.src,arithmetic,53.5,2.0,96.26,21,20,0,0,True
arithmetic_036.src,arithmetic,57.0,2.0,96.49,23,22,0,0,True
arithmetic_037.src,arithmetic,36.0,2.0,94.44,16,15,0,0,True
arithmetic_038.src,arithmetic,31.0,1.0,96.77,13,12,0,0,True
arithmetic_039.src,arithmetic,56.5,2.0,96.46,22,21,0,0,True
arithmetic_040.src,arithmetic,32.5,2.0,93.85,14,13,0,0,True
arithmetic_041.src,arithmetic,51.5,2.0,96.12,21,20,0,0,True
arithmetic_042.src,arithmetic,32.5,2.0,93.85,14,13,0,0,True
arithmetic_043.src,arithmetic,25.0,1.0,96.00,10,9,0,0,True
arithmetic_044.src,arithmetic,40.5,1.0,97.53,17,16,0,0,True
arithmetic_045.src,arithmetic,40.5,1.0,97.53,17,16,0,0,True
arithmetic_046.src,arithmetic,43.0,1.0,97.67,16,15,0,0,True
arithmetic_047.src,arithmetic,25.0,1.0,96.00,10,9,0,0,True
arithmetic_048.src,arithmetic,25.0,1.0,96.00,10,9,0,0,True
arithmetic_049.src,arithmetic,28.5,1.0,96.49,13,12,0,0,True
arithmetic_050.src,arithmetic,34.0,1.0,97.06,14,13,0,0,True
arithmetic_051.src,arithmetic,25.0,1.0,96.00,10,9,0,0,True
arithmetic_052.src,arithmetic,29.5,2.0,93.22,13,12,0,0,True
arithmetic_053.src,arithmetic,49.5,1.0,97.98,19,18,0,0,True
arithmetic_054.src,arithmetic,29.5,2.0,93.22,13,12,0,0,True
arithmetic_055.src,arithmetic,43.0,1.0,97.67,17,16,0,0,True
arithmetic_056.src,arithmetic,32.5,2.0,93.85,14,13,0,0,True
arithmetic_057.src,arithmetic,29.5,2.0,93.22,13,12,0,0,True
arithmetic_058.src,arithmetic,22.0,1.0,95.45,10,9,0,0,True
arithmetic_059.src,arithmetic,29.5,2.0,93.22,13,12,0,0,True
arithmetic_060.src,arithmetic,60.0,2.0,96.67,23,22,0,0,True
conditionals_001.src,conditionals,51.0,1.0,98.04,21,20,0,0,True
conditionals_002.src,conditionals,36.5,13.0,64.38,11,10,0,1,True
conditionals_003.src,conditionals,57.5,2.0,96.52,23,22,0,0,True
conditionals_004.src,conditionals,87.5,1.0,98.86,34,33,0,0,True
conditionals_005.src,conditionals,78.0,1.0,98.72,27,26,0,0,True
conditionals_006.src,conditionals,40.5,1.0,97.53,15,14,0,0,True
conditionals_007.src,conditionals,36.5,14.0,61.64,10,9,0,0,True
conditionals_008.src,conditionals,59.0,1.0,98.31,24,23,0,0,True
conditionals_009.src,conditionals,76.0,14.5,80.92,24,23,0,0,True
conditionals_010.src,conditionals,83.5,23.5,71.86,25,24,0,1,True
conditionals_011.src,conditionals,56.0,1.0,98.21,22,21,0,0,True
conditionals_012.src,conditionals,42.5,17.0,60.00,11,10,0,0,True
conditionals_013.src,conditionals,75.5,1.0,98.68,29,28,0,0,True
conditionals_014.src,conditionals,24.5,10.5,57.14,7,6,1,0,True
conditionals_015.src,conditionals,50.5,14.5,71.29,12,11,1,0,True
conditionals_016.src,conditionals,83.0,1.0,98.80,21,20,1,0,True
conditionals_017.src,conditionals,58.5,1.0,98.29,22,21,0,0,True
conditionals_018.src,conditionals,88.0,17.5,80.11,28,27,0,0,True
conditionals_019.src,conditionals,57.0,3.0,94.74,22,21,0,0,True
conditionals_020.src,conditionals,64.0,11.0,82.81,22,21,0,0,True
conditionals_021.src,conditionals,60.5,16.5,72.73,18,17,0,1,True
conditionals_022.src,conditionals,55.5,2.0,96.40,20,19,0,0,True
conditionals_023.src,conditionals,73.5,18.0,75.51,25,24,0,1,True
conditionals_024.src,conditionals,40.0,11.0,72.50,13,12,1,0,True
conditionals_025.src,conditionals,57.5,1.0,98.26,23,22,0,0,True
conditionals_026.src,conditionals,68.0,2.0,97.06,28,27,0,0,True
conditionals_027.src,conditionals,47.0,14.0,70.21,13,12,0,0,True
conditionals_028.src,conditionals,59.0,12.0,79.66,22,21,0,1,True
conditionals_029.src,conditionals,43.5,1.0,97.70,17,16,0,0,True
conditionals_030.src,conditionals,66.0,18.0,72.73,15,10,5,1,True
conditionals_031.src,conditionals,30.0,2.0,93.33,12,11,0,0,True
conditionals_032.src,conditionals,50.5,14.5,71.29,15,14,0,0,True
conditionals_033.src,conditionals,52.0,14.5,72.12,14,13,1,0,True
conditionals_034.src,conditionals,93.5,18.0,80.75,32,31,0,1,True
conditionals_035.src,conditionals,37.5,2.0,94.67,16,15,0,0,True
conditionals_036.src,conditionals,66.0,18.0,72.73,21,20,0,1,True
conditionals_037.src,conditionals,69.5,1.0,98.56,20,19,1,0,True
conditionals_038.src,conditionals,48.5,14.0,71.13,14,13,1,0,True
conditionals_039.src,conditionals,81.5,18.0,77.91,33,26,8,0,True
conditionals_040.src,conditionals,63.5,1.0,98.43,26,25,0,0,True
conditionals_041.src,conditionals,48.0,1.0,97.92,19,18,0,0,True
conditionals_042.src,conditionals,52.0,14.5,72.12,16,15,0,0,True
conditionals_043.src,conditionals,46.0,14.0,69.57,14,13,0,0,True
conditionals_044.src,conditionals,47.5,14.0,70.53,15,14,2,0,True
conditionals_045.src,conditionals,44.5,11.0,75.28,14,13,1,0,True
conditionals_046.src,conditionals,50.5,14.5,71.29,15,14,0,0,True
conditionals_047.src,conditionals,31.5,1.0,96.83,13,12,0,0,True
conditionals_048.src,conditionals,35.0,1.0,97.14,13,12,0,0,True
conditionals_049.src,conditionals,52.0,14.5,72.12,16,15,0,0,True
conditionals_050.src,conditionals,35.0,10.5,70.00,10,9,1,0,True
conditionals_051.src,conditionals,43.5,2.0,95.40,17,16,0,0,True
conditionals_052.src,conditionals,51.5,9.0,82.52,20,19,0,1,True
conditionals_053.src,conditionals,67.5,4.0,94.07,26,25,0,0,True
conditionals_054.src,conditionals,83.0,1.0,98.80,33,32,0,0,True
conditionals_055.src,conditionals,36.5,14.0,61.64,10,9,1,0,True
conditionals_056.src,conditionals,54.5,14.0,74.31,16,15,0,0,True
conditionals_057.src,conditionals,54.0,1.0,98.15,20,19,0,0,True
conditionals_058.src,conditionals,57.5,2.0,96.52,23,22,0,0,True
conditionals_059.src,conditionals,35.0,14.0,60.00,9,8,0,0,True
conditionals_060.src,conditionals,96.5,1.0,98.96,37,36,0,0,True
conditionals_061.src,conditionals,69.0,15.0,78.26,23,22,0,1,True
conditionals_062.src,conditionals,72.0,18.0,75.00,24,23,0,1,True
conditionals_063.src,conditionals,42.0,1.0,97.62,16,15,0,0,True
conditionals_064.src,conditionals,71.0,1.0,98.59,28,27,0,0,True
conditionals_065.src,conditionals,23.0,10.5,54.35,6,5,1,0,True
conditionals_066.src,conditionals,49.5,1.0,97.98,20,19,0,0,True
conditionals_067.src,conditionals,52.0,14.5,72.12,15,14,2,0,True
conditionals_068.src,conditionals,74.0,13.0,82.43,24,23,0,0,True
conditionals_069.src,conditionals,72.5,14.0,80.69,22,21,0,0,True
conditionals_070.src,conditionals,43.5,1.0,97.70,17,16,0,0,True
conditionals_071.src,conditionals,42.0,1.0,97.62,16,15,0,0,True
conditionals_072.src,conditionals,35.0,14.0,60.00,9,8,0,0,True
conditionals_073.src,conditionals,66.5,12.0,81.95,19,18,2,0,True
conditionals_074.src,conditionals,101.0,1.0,99.01,40,39,0,0,True
conditionals_075.src,conditionals,56.0,17.0,69.64,16,15,0,1,True
conditionals_076.src,conditionals,40.5,1.0,97.53,15,14,0,0,True
conditionals_077.src,conditionals,56.0,1.0,98.21,22,21,0,0,True
conditionals_078.src,conditionals,31.5,2.0,93.65,13,12,0,0,True
conditionals_079.src,conditionals,63.5,1.0,98.43,26,25,0,0,True
conditionals_080.src,conditionals,50.5,14.5,71.29,15,14,0,0,True
dead_code_001.src,dead_code,48.0,1.0,97.92,19,18,0,0,True
dead_code_002.src,dead_code,26.5,1.0,96.23,11,10,0,0,True
dead_code_003.src,dead_code,21.0,1.0,95.24,9,8,0,0,True
dead_code_004.src,dead_code,21.0,1.0,95.24,9,8,0,0,True
dead_code_005.src,dead_code,46.5,1.0,97.85,19,18,0,0,True
dead_code_006.src,dead_code,68.0,1.0,98.53,28,27,0,0,True
dead_code_007.src,dead_code,50.0,1.0,98.00,20,19,0,0,True
dead_code_008.src,dead_code,21.0,1.0,95.24,9,8,0,0,True
dead_code_009.src,dead_code,32.0,1.0,96.88,13,12,0,0,True
dead_code_010.src,dead_code,21.0,1.0,95.24,9,8,0,0,True
dead_code_011.src,dead_code,32.0,1.0,96.88,13,12,0,0,True
dead_code_012.src,dead_code,39.0,1.0,97.44,15,14,0,0,True
dead_code_013.src,dead_code,60.5,1.0,98.35,26,25,0,0,True
dead_code_014.src,dead_code,30.0,1.0,96.67,13,12,0,0,True
dead_code_015.src,dead_code,35.5,1.0,97.18,14,13,0,0,True
dead_code_016.src,dead_code,51.5,1.0,98.06,21,20,0,0,True
dead_code_017.src,dead_code,53.5,1.0,98.13,21,20,0,0,True
dead_code_018.src,dead_code,61.0,1.0,98.36,24,23,0,0,True
dead_code_019.src,dead_code,35.5,1.0,97.18,15,14,0,0,True
dead_code_020.src,dead_code,50.0,1.0,98.00,19,18,0,0,True
dead_code_021.src,dead_code,48.0,1.0,97.92,19,18,0,0,True
dead_code_022.src,dead_code,39.0,1.0,97.44,15,14,0,0,True
dead_code_023.src,dead_code,24.5,1.0,95.92,10,9,0,0,True
dead_code_024.src,dead_code,64.5,1.0,98.45,25,24,0,0,True
dead_code_025.src,dead_code,33.5,1.0,97.01,15,14,0,0,True
dead_code_026.src,dead_code,39.0,1.0,97.44,16,15,0,0,True
dead_code_027.src,dead_code,57.0,1.0,98.25,22,21,0,0,True
dead_code_028.src,dead_code,64.5,1.0,98.45,24,23,0,0,True
dead_code_029.src,dead_code,30.0,1.0,96.67,13,12,0,0,True
dead_code_030.src,dead_code,41.0,1.0,97.56,16,15,0,0,True
dead_code_031.src,dead_code,68.0,1.0,98.53,26,25,0,0,True
dead_code_032.src,dead_code,44.5,1.0,97.75,18,17,0,0,True
dead_code_033.src,dead_code,50.0,1.0,98.00,19,18,0,0,True
dead_code_034.src,dead_code,57.0,1.0,98.25,24,23,0,0,True
dead_code_035.src,dead_code,44.5,1.0,97.75,18,17,0,0,True
dead_code_036.src,dead_code,48.0,1.0,97.92,20,19,0,0,True
dead_code_037.src,dead_code,53.5,1.0,98.13,21,20,0,0,True
dead_code_038.src,dead_code,39.0,1.0,97.44,16,15,0,0,True
dead_code_039.src,dead_code,59.0,1.0,98.31,23,22,0,0,True
dead_code_040.src,dead_code,41.0,1.0,97.56,17,16,0,0,True
dead_code_041.src,dead_code,32.0,1.0,96.88,13,12,0,0,True
dead_code_042.src,dead_code,50.0,1.0,98.00,21,20,0,0,True
dead_code_043.src,dead_code,26.5,1.0,96.23,11,10,0,0,True
dead_code_044.src,dead_code,35.5,1.0,97.18,14,13,0,0,True
dead_code_045.src,dead_code,35.5,1.0,97.18,14,13,0,0,True
dead_code_046.src,dead_code,53.5,1.0,98.13,23,22,0,0,True
dead_code_047.src,dead_code,41.0,1.0,97.56,16,15,0,0,True
dead_code_048.src,dead_code,33.5,1.0,97.01,13,12,0,0,True
dead_code_049.src,dead_code,50.0,1.0,98.00,20,19,0,0,True
dead_code_050.src,dead_code,44.5,1.0,97.75,18,17,0,0,True
dead_code_051.src,dead_code,30.0,1.0,96.67,13,12,0,0,True
dead_code_052.src,dead_code,53.5,1.0,98.13,22,21,0,0,True
dead_code_053.src,dead_code,35.5,1.0,97.18,14,13,0,0,True
dead_code_054.src,dead_code,39.0,1.0,97.44,15,14,0,0,True
dead_code_055.src,dead_code,39.0,1.0,97.44,16,15,0,0,True
dead_code_056.src,dead_code,39.0,1.0,97.44,16,15,0,0,True
dead_code_057.src,dead_code,46.5,1.0,97.85,19,18,0,0,True
dead_code_058.src,dead_code,44.5,1.0,97.75,17,16,0,0,True
dead_code_059.src,dead_code,55.5,1.0,98.20,21,20,0,0,True
dead_code_060.src,dead_code,33.5,1.0,97.01,13,12,0,0,True
loops_001.src,loops,72.5,20.0,72.41,21,20,1,0,True
loops_002.src,loops,56.0,1.0,98.21,17,16,0,0,True
loops_003.src,loops,49.5,1.0,97.98,14,13,0,0,True
loops_004.src,loops,56.0,1.0,98.21,17,16,0,0,True
loops_005.src,loops,97.5,3.0,96.92,27,25,3,0,True
loops_006.src,loops,58.5,1.0,98.29,19,18,0,0,True
loops_007.src,loops,56.0,1.0,98.21,17,16,0,0,True
loops_008.src,loops,56.0,1.0,98.21,17,16,0,0,True
loops_009.src,loops,63.5,3.0,95.28,21,20,2,0,True
loops_010.src,loops,56.0,1.0,98.21,17,16,0,0,True
loops_011.src,loops,65.0,16.5,74.62,20,19,1,0,True
loops_012.src,loops,65.0,1.0,98.46,20,19,0,0,True
loops_013.src,loops,49.5,1.0,97.98,14,13,0,0,True
loops_014.src,loops,49.5,1.0,97.98,14,13,0,0,True
loops_015.src,loops,57.0,20.5,64.04,15,14,0,1,True
loops_016.src,loops,49.5,1.0,97.98,14,13,0,0,True
loops_017.src,loops,63.5,2.0,96.85,19,18,1,0,True
loops_018.src,loops,66.0,2.0,96.97,19,18,1,0,True
loops_019.src,loops,105.5,2.0,98.10,29,28,0,0,True
loops_020.src,loops,58.5,1.0,98.29,17,16,0,0,True
loops_021.src,loops,119.5,28.5,76.15,31,30,1,0,True
loops_022.src,loops,58.5,1.0,98.29,18,17,0,0,True
loops_023.src,loops,72.5,20.5,71.72,21,16,6,0,True
loops_024.src,loops,49.5,1.0,97.98,16,15,0,0,True
loops_025.src,loops,96.5,26.0,73.06,22,21,0,0,True
loops_026.src,loops,65.0,1.0,98.46,22,21,0,0,True
loops_027.src,loops,58.5,1.0,98.29,17,16,0,0,True
loops_028.src,loops,97.5,3.0,96.92,25,24,2,0,True
loops_029.src,loops,65.0,16.5,74.62,20,19,1,0,True
loops_030.src,loops,65.0,1.0,98.46,20,19,0,0,True
loops_031.src,loops,63.5,2.0,96.85,20,19,0,0,True
loops_032.src,loops,66.0,2.0,96.97,21,20,0,0,True
loops_033.src,loops,49.5,17.5,64.65,13,12,0,1,True
loops_034.src,loops,66.0,2.0,96.97,20,19,0,0,True
loops_035.src,loops,58.5,1.0,98.29,17,16,0,0,True
loops_036.src,loops,66.0,2.0,96.97,21,20,0,0,True
loops_037.src,loops,65.0,1.0,98.46,20,19,0,0,True
loops_038.src,loops,106.5,3.0,97.18,27,26,1,0,True
loops_039.src,loops,49.5,1.0,97.98,14,13,0,0,True
loops_040.src,loops,58.5,1.0,98.29,17,16,0,0,True
loops_041.src,loops,49.5,1.0,97.98,14,13,0,0,True
loops_042.src,loops,113.0,40.0,64.60,28,27,1,0,True
loops_043.src,loops,72.5,20.5,71.72,21,20,1,0,True
loops_044.src,loops,56.0,1.0,98.21,17,16,0,0,True
loops_045.src,loops,96.5,2.0,97.93,27,26,0,0,True
loops_046.src,loops,58.5,1.0,98.29,18,17,0,0,True
loops_047.src,loops,63.5,2.0,96.85,20,19,0,0,True
loops_048.src,loops,65.0,1.0,98.46,20,19,0,0,True
loops_049.src,loops,58.5,1.0,98.29,17,16,0,0,True
loops_050.src,loops,57.0,2.0,96.49,17,16,1,0,True
loops_051.src,loops,104.0,26.5,74.52,18,17,2,0,True
loops_052.src,loops,49.5,1.0,97.98,14,13,0,0,True
loops_053.src,loops,103.0,2.0,98.06,30,29,0,0,True
loops_054.src,loops,103.0,2.0,98.06,29,28,0,0,True
loops_055.src,loops,105.5,2.0,98.10,29,28,0,0,True
loops_056.src,loops,49.5,1.0,97.98,14,13,0,0,True
loops_057.src,loops,63.5,2.0,96.85,20,19,2,0,True
loops_058.src,loops,58.5,1.0,98.29,17,16,0,0,True
loops_059.src,loops,66.0,2.0,96.97,20,18,2,0,True
loops_060.src,loops,103.0,2.0,98.06,30,29,0,0,True
loops_061.src,loops,63.5,20.5,67.72,18,17,1,0,True
loops_062.src,loops,65.0,1.0,98.46,20,19,0,0,True
loops_063.src,loops,56.0,1.0,98.21,17,16,0,0,True
loops_064.src,loops,49.5,1.0,97.98,14,13,0,0,True
loops_065.src,loops,65.0,1.0,98.46,23,22,0,0,True
loops_066.src,loops,49.5,1.0,97.98,15,14,0,0,True
loops_067.src,loops,63.5,2.0,96.85,21,20,0,0,True
loops_068.src,loops,57.0,2.0,96.49,17,16,0,0,True
loops_069.src,loops,96.5,2.0,97.93,26,25,0,0,True
loops_070.src,loops,65.0,1.0,98.46,20,19,0,0,True
loops_071.src,loops,63.5,2.0,96.85,20,19,0,0,True
loops_072.src,loops,49.5,1.0,97.98,14,13,0,0,True
loops_073.src,loops,105.5,2.0,98.10,29,28,0,0,True
loops_074.src,loops,49.5,1.0,97.98,14,13,0,0,True
loops_075.src,loops,65.0,1.0,98.46,20,19,0,0,True
loops_076.src,loops,57.0,2.0,96.49,18,17,0,0,True
loops_077.src,loops,63.5,20.5,67.72,18,17,0,1,True
loops_078.src,loops,66.0,3.0,95.45,21,20,1,0,True
loops_079.src,loops,65.0,1.0,98.46,12,11,2,0,True
loops_080.src,loops,58.5,1.0,98.29,17,16,0,0,True
mixed_001.src,mixed,90.5,14.0,84.53,25,24,1,0,True
mixed_002.src,mixed,81.5,1.0,98.77,26,25,0,0,True
mixed_003.src,mixed,77.5,5.5,92.90,21,20,1,0,True
mixed_004.src,mixed,78.5,20.0,74.52,27,26,0,0,True
mixed_005.src,mixed,110.5,12.5,88.69,36,35,0,0,True
mixed_006.src,mixed,40.0,1.0,97.50,18,17,0,0,True
mixed_007.src,mixed,133.5,37.0,72.28,40,39,0,1,True
mixed_008.src,mixed,108.0,1.0,99.07,38,37,0,0,True
mixed_009.src,mixed,117.0,28.5,75.64,37,36,0,0,True
mixed_010.src,mixed,111.5,1.0,99.10,39,38,0,0,True
mixed_011.src,mixed,111.5,1.0,99.10,39,38,0,0,True
mixed_012.src,mixed,124.5,12.0,90.36,38,37,0,0,True
mixed_013.src,mixed,140.0,1.0,99.29,49,48,0,0,True
mixed_014.src,mixed,101.5,1.0,99.01,33,32,0,0,True
mixed_015.src,mixed,140.0,23.0,83.57,26,25,1,0,True
mixed_016.src,mixed,92.5,1.0,98.92,20,19,1,0,True
mixed_017.src,mixed,46.5,1.0,97.85,22,21,0,0,True
mixed_018.src,mixed,59.0,1.0,98.31,26,25,0,0,True
mixed_019.src,mixed,74.5,1.0,98.66,31,30,0,0,True
mixed_020.src,mixed,136.5,18.5,86.45,42,41,0,1,True
mixed_021.src,mixed,75.0,11.0,85.33,21,20,1,0,True
mixed_022.src,mixed,124.5,1.0,99.20,42,41,0,0,True
mixed_023.src,mixed,89.5,8.5,90.50,28,27,0,0,True
mixed_024.src,mixed,117.0,1.0,99.15,40,39,0,0,True
mixed_025.src,mixed,96.0,14.0,85.42,27,26,1,0,True
mixed_026.src,mixed,78.5,1.0,98.73,32,31,0,0,True
mixed_027.src,mixed,78.5,27.0,65.61,22,21,1,0,True
mixed_028.src,mixed,92.5,1.0,98.92,32,31,0,0,True
mixed_029.src,mixed,111.5,1.0,99.10,38,37,0,0,True
mixed_030.src,mixed,92.5,27.0,70.81,28,27,1,0,True
mixed_031.src,mixed,87.5,3.0,96.57,34,33,0,0,True
mixed_032.src,mixed,56.5,1.0,98.23,27,26,0,0,True
mixed_033.src,mixed,115.5,1.0,99.13,36,35,0,0,True
mixed_034.src,mixed,65.0,4.5,93.08,21,20,0,0,True
mixed_035.src,mixed,43.5,1.0,97.70,19,18,0,0,True
mixed_036.src,mixed,103.0,1.0,99.03,42,41,0,0,True
mixed_037.src,mixed,96.0,1.0,98.96,32,31,0,0,True
mixed_038.src,mixed,104.5,1.0,99.04,45,44,0,0,True
mixed_039.src,mixed,135.0,23.0,82.96,43,41,1,1,True
mixed_040.src,mixed,77.5,15.5,80.00,27,26,1,0,True
mixed_041.src,mixed,28.0,4.5,83.93,5,4,2,0,True
mixed_042.src,mixed,84.0,1.0,98.81,25,24,1,0,True
mixed_043.src,mixed,87.5,1.0,98.86,35,34,0,0,True
mixed_044.src,mixed,80.5,1.0,98.76,25,24,0,0,True
mixed_045.src,mixed,108.0,1.0,99.07,33,32,0,0,True
mixed_046.src,mixed,130.0,1.0,99.23,28,27,1,0,True
mixed_047.src,mixed,124.5,7.5,93.98,40,39,0,0,True
mixed_048.src,mixed,120.5,27.0,77.59,32,31,1,0,True
mixed_049.src,mixed,92.5,1.0,98.92,33,32,0,0,True
mixed_050.src,mixed,87.5,1.0,98.86,35,34,0,0,True
mixed_051.src,mixed,34.5,11.0,68.12,11,10,1,0,True
mixed_052.src,mixed,98.5,12.5,87.31,29,27,1,0,True
mixed_053.src,mixed,87.0,1.0,98.85,28,27,0,0,True
mixed_054.src,mixed,93.0,1.0,98.92,35,34,0,0,True
mixed_055.src,mixed,99.5,25.0,74.87,33,30,2,0,True
mixed_056.src,mixed,101.0,22.0,78.22,29,28,1,1,True
mixed_057.src,mixed,47.0,9.0,80.85,16,15,1,0,True
mixed_058.src,mixed,31.5,4.5,85.71,7,6,2,0,True
mixed_059.src,mixed,87.5,1.0,98.86,35,34,0,0,True
mixed_060.src,mixed,74.5,1.0,98.66,31,30,0,0,True
mixed_061.src,mixed,111.5,29.5,73.54,34,33,1,0,True
mixed_062.src,mixed,50.0,1.0,98.00,24,23,0,0,True
mixed_063.src,mixed,50.0,1.0,98.00,22,21,0,0,True
mixed_064.src,mixed,128.0,27.0,78.91,36,35,1,0,True
mixed_065.src,mixed,50.0,1.0,98.00,18,17,1,0,True
mixed_066.src,mixed,124.5,1.0,99.20,42,41,0,0,True
mixed_067.src,mixed,114.5,1.0,99.13,38,37,0,0,True
mixed_068.src,mixed,56.5,1.0,98.23,27,26,0,0,True
mixed_069.src,mixed,118.0,1.0,99.15,40,39,0,0,True
mixed_070.src,mixed,133.5,1.0,99.25,43,42,0,0,True
mixed_071.src,mixed,71.0,1.0,98.59,32,31,0,0,True
mixed_072.src,mixed,87.5,12.5,85.71,29,28,1,0,True
mixed_073.src,mixed,50.0,14.0,72.00,16,15,1,0,True
mixed_074.src,mixed,99.5,18.5,81.41,36,35,1,0,True
mixed_075.src,mixed,90.5,1.0,98.89,29,28,0,0,True
mixed_076.src,mixed,102.5,1.0,99.02,39,38,0,0,True
mixed_077.src,mixed,135.0,12.5,90.74,44,43,0,0,True
mixed_078.src,mixed,56.5,1.0,98.23,27,26,0,0,True
mixed_079.src,mixed,75.0,11.0,85.33,21,20,1,0,True
mixed_080.src,mixed,81.0,20.5,74.69,24,23,1,0,True
mixed_081.src,mixed,115.5,22.0,80.95,32,31,0,0,True
mixed_082.src,mixed,86.0,1.0,98.84,27,26,0,0,True
mixed_083.src,mixed,66.5,20.5,69.17,20,19,0,0,True
mixed_084.src,mixed,136.5,1.0,99.27,45,44,0,0,True
mixed_085.src,mixed,103.0,3.0,97.09,44,43,0,0,True
mixed_086.src,mixed,50.0,1.0,98.00,21,20,0,0,True
mixed_087.src,mixed,59.0,1.0,98.31,27,26,0,0,True
mixed_088.src,mixed,89.0,18.5,79.21,31,30,1,0,True
mixed_089.src,mixed,72.0,1.0,98.61,29,28,0,0,True
mixed_090.src,mixed,53.5,13.0,75.70,18,17,1,0,True
mixed_091.src,mixed,109.0,1.0,99.08,34,33,0,0,True
mixed_092.src,mixed,99.5,15.5,84.42,39,38,1,0,True
mixed_093.src,mixed,110.5,12.5,88.69,36,35,0,0,True
mixed_094.src,mixed,40.0,1.0,97.50,18,17,0,0,True
mixed_095.src,mixed,50.0,1.0,98.00,23,22,0,0,True
mixed_096.src,mixed,99.5,1.0,99.00,42,41,0,0,True
mixed_097.src,mixed,80.0,1.0,98.75,34,33,0,0,True
mixed_098.src,mixed,113.0,19.5,82.74,33,32,1,0,True
mixed_099.src,mixed,111.5,1.0,99.10,38,37,0,0,True
mixed_100.src,mixed,141.5,3.5,97.53,50,50,0,0,True
nested_001.src,nested,118.0,1.0,99.15,18,17,1,0,True
nested_002.src,nested,144.0,26.0,81.94,50,50,0,0,True
nested_003.src,nested,105.0,1.0,99.05,48,47,0,0,True
nested_004.src,nested,108.0,1.0,99.07,45,44,0,0,True
nested_005.src,nested,83.0,1.0,98.80,38,37,0,0,True
nested_006.src,nested,131.0,6.5,95.04,50,50,0,0,True
nested_007.src,nested,121.0,1.0,99.17,50,50,0,0,True
nested_008.src,nested,67.0,1.0,98.51,31,30,0,0,True
nested_009.src,nested,109.0,1.0,99.08,50,50,0,0,True
nested_010.src,nested,79.0,1.0,98.73,26,25,1,0,True
nested_011.src,nested,73.5,1.0,98.64,34,33,0,0,True
nested_012.src,nested,112.0,1.0,99.11,43,42,1,0,True
nested_013.src,nested,76.0,1.0,98.68,32,31,0,0,True
nested_014.src,nested,80.0,1.0,98.75,36,35,0,0,True
nested_015.src,nested,102.5,1.0,99.02,42,41,0,0,True
nested_016.src,nested,54.0,1.0,98.15,25,24,0,0,True
nested_017.src,nested,98.5,1.0,98.98,42,41,0,0,True
nested_018.src,nested,86.5,1.0,98.84,35,34,0,0,True
nested_019.src,nested,93.0,1.0,98.92,38,37,0,0,True
nested_020.src,nested,102.5,1.0,99.02,48,47,0,0,True
nested_021.src,nested,103.5,1.0,99.03,45,43,1,1,True
nested_022.src,nested,63.5,1.0,98.43,27,26,0,0,True
nested_023.src,nested,115.0,7.0,93.91,50,49,1,1,True
nested_024.src,nested,118.0,7.0,94.07,50,50,0,0,True
nested_025.src,nested,86.5,1.0,98.84,41,37,3,2,True
nested_026.src,nested,102.0,1.0,99.02,41,40,0,0,True
nested_027.src,nested,64.0,1.0,98.44,30,29,0,0,True
nested_028.src,nested,83.0,1.0,98.80,34,33,0,0,True
nested_029.src,nested,76.5,1.0,98.69,32,31,0,0,True
nested_030.src,nested,70.0,1.0,98.57,31,30,0,0,True
nested_031.src,nested,89.5,1.0,98.88,37,36,0,0,True
nested_032.src,nested,99.5,1.0,99.00,44,43,0,0,True
nested_033.src,nested,80.0,1.0,98.75,37,36,0,0,True
nested_034.src,nested,69.0,1.0,98.55,27,25,2,1,True
nested_035.src,nested,67.0,1.0,98.51,27,26,0,0,True
nested_036.src,nested,77.0,1.0,98.70,36,35,0,0,True
nested_037.src,nested,80.5,1.0,98.76,34,33,0,0,True
nested_038.src,nested,83.0,1.0,98.80,36,35,0,0,True
nested_039.src,nested,92.0,1.0,98.91,42,41,0,0,True
nested_040.src,nested,69.0,1.0,98.55,31,30,0,0,True
nested_041.src,nested,99.5,1.0,99.00,46,45,0,0,True
nested_042.src,nested,67.0,1.0,98.51,31,30,0,0,True
nested_043.src,nested,99.0,1.0,98.99,45,44,0,0,True
nested_044.src,nested,63.5,1.0,98.43,26,25,0,0,True
nested_045.src,nested,80.0,1.0,98.75,37,36,0,0,True
nested_046.src,nested,60.5,1.0,98.35,28,27,0,0,True
nested_047.src,nested,67.0,1.0,98.51,31,30,0,0,True
nested_048.src,nested,50.5,1.0,98.02,23,22,0,0,True
nested_049.src,nested,54.0,1.0,98.15,18,17,1,0,True
nested_050.src,nested,77.0,1.0,98.70,35,34,0,0,True
nested_051.src,nested,80.5,1.0,98.76,38,37,0,0,True
nested_052.src,nested,70.0,1.0,98.57,30,29,0,0,True
nested_053.src,nested,57.0,1.0,98.25,26,25,0,0,True
nested_054.src,nested,82.0,1.0,98.78,36,35,0,0,True
nested_055.src,nested,79.5,1.0,98.74,32,31,0,0,True
nested_056.src,nested,51.0,1.0,98.04,25,23,1,1,True
nested_057.src,nested,111.5,1.0,99.10,43,42,0,0,True
nested_058.src,nested,79.0,1.0,98.73,36,35,0,0,True
nested_059.src,nested,50.5,1.0,98.02,23,22,0,0,True
nested_060.src,nested,105.0,1.0,99.05,48,47,0,0,True
repeated_expr_001.src,repeated_expr,42.5,19.0,55.29,12,11,0,0,True
repeated_expr_002.src,repeated_expr,42.5,1.0,97.65,19,18,0,0,True
repeated_expr_003.src,repeated_expr,35.5,13.5,61.97,10,9,0,0,True
repeated_expr_004.src,repeated_expr,42.5,1.0,97.65,12,11,1,0,True
repeated_expr_005.src,repeated_expr,59.0,1.0,98.31,29,28,0,0,True
repeated_expr_006.src,repeated_expr,26.0,7.5,71.15,8,7,0,0,True
repeated_expr_007.src,repeated_expr,42.5,1.0,97.65,19,18,0,0,True
repeated_expr_008.src,repeated_expr,53.5,1.0,98.13,27,26,0,0,True
repeated_expr_009.src,repeated_expr,19.0,7.5,60.53,6,5,1,0,True
repeated_expr_010.src,repeated_expr,37.0,1.0,97.30,16,15,0,0,True
repeated_expr_011.src,repeated_expr,59.0,1.0,98.31,29,28,0,0,True
repeated_expr_012.src,repeated_expr,30.0,1.0,96.67,14,13,0,0,True
repeated_expr_013.src,repeated_expr,59.0,1.0,98.31,29,28,0,0,True
repeated_expr_014.src,repeated_expr,26.0,7.5,71.15,8,7,0,0,True
repeated_expr_015.src,repeated_expr,37.0,1.0,97.30,16,15,0,0,True
repeated_expr_016.src,repeated_expr,48.0,24.0,50.00,11,10,0,0,True
repeated_expr_017.src,repeated_expr,30.0,1.0,96.67,14,13,0,0,True
repeated_expr_018.src,repeated_expr,53.5,1.0,98.13,27,26,0,0,True
repeated_expr_019.src,repeated_expr,19.0,7.5,60.53,6,5,1,0,True
repeated_expr_020.src,repeated_expr,35.5,17.5,50.70,9,8,0,0,True
repeated_expr_021.src,repeated_expr,59.0,1.0,98.31,29,28,0,0,True
repeated_expr_022.src,repeated_expr,42.5,1.0,97.65,19,18,0,0,True
repeated_expr_023.src,repeated_expr,26.0,7.5,71.15,8,7,0,0,True
repeated_expr_024.src,repeated_expr,59.0,1.0,98.31,29,28,0,0,True
repeated_expr_025.src,repeated_expr,53.5,1.0,98.13,27,26,0,0,True
repeated_expr_026.src,repeated_expr,30.0,1.0,96.67,14,13,0,0,True
repeated_expr_027.src,repeated_expr,59.0,1.0,98.31,29,28,0,0,True
repeated_expr_028.src,repeated_expr,37.0,1.0,97.30,16,15,0,0,True
repeated_expr_029.src,repeated_expr,42.5,1.0,97.65,19,18,0,0,True
repeated_expr_030.src,repeated_expr,48.0,24.0,50.00,11,10,0,0,True
repeated_expr_031.src,repeated_expr,42.5,21.0,50.59,11,10,1,0,True
repeated_expr_032.src,repeated_expr,19.0,5.5,71.05,7,6,1,0,True
repeated_expr_033.src,repeated_expr,26.0,7.5,71.15,8,7,0,0,True
repeated_expr_034.src,repeated_expr,30.0,1.0,96.67,14,13,0,0,True
repeated_expr_035.src,repeated_expr,59.0,1.0,98.31,29,28,0,0,True
repeated_expr_036.src,repeated_expr,53.5,1.0,98.13,27,26,0,0,True
repeated_expr_037.src,repeated_expr,59.0,1.0,98.31,29,28,0,0,True
repeated_expr_038.src,repeated_expr,48.0,24.0,50.00,11,10,1,0,True
repeated_expr_039.src,repeated_expr,46.5,1.0,97.85,20,19,1,0,True
repeated_expr_040.src,repeated_expr,59.0,1.0,98.31,29,28,0,0,True
repeated_expr_041.src,repeated_expr,19.0,7.5,60.53,6,5,1,0,True
repeated_expr_042.src,repeated_expr,48.0,24.0,50.00,11,10,1,0,True
repeated_expr_043.src,repeated_expr,37.0,1.0,97.30,16,15,0,0,True
repeated_expr_044.src,repeated_expr,37.0,1.0,97.30,16,15,0,0,True
repeated_expr_045.src,repeated_expr,35.5,17.5,50.70,9,8,0,1,True
repeated_expr_046.src,repeated_expr,53.5,1.0,98.13,27,26,0,0,True
repeated_expr_047.src,repeated_expr,42.5,21.0,50.59,11,10,1,0,True
repeated_expr_048.src,repeated_expr,42.5,21.0,50.59,11,10,1,0,True
repeated_expr_049.src,repeated_expr,42.5,1.0,97.65,19,18,0,0,True
repeated_expr_050.src,repeated_expr,37.0,1.0,97.30,16,15,0,0,True
repeated_expr_051.src,repeated_expr,31.5,11.0,65.08,8,7,1,0,True
repeated_expr_052.src,repeated_expr,19.0,5.5,71.05,7,6,1,0,True
repeated_expr_053.src,repeated_expr,30.0,1.0,96.67,14,13,0,0,True
repeated_expr_054.src,repeated_expr,53.5,1.0,98.13,27,26,0,0,True
repeated_expr_055.src,repeated_expr,53.5,1.0,98.13,27,26,0,0,True
repeated_expr_056.src,repeated_expr,35.5,15.0,57.75,10,9,0,0,True
repeated_expr_057.src,repeated_expr,42.5,21.0,50.59,11,10,0,0,True
repeated_expr_058.src,repeated_expr,26.0,7.5,71.15,8,7,0,0,True
repeated_expr_059.src,repeated_expr,53.5,1.0,98.13,27,26,0,0,True
repeated_expr_060.src,repeated_expr,42.5,19.0,55.29,12,11,1,0,True
